subject,unique_lineup_id,order
1,heter_389,16
2,heter_494,16
3,poly_52,20
4,heter_206,12
5,poly_474,5
6,heter_155,8
7,heter_526,14
8,poly_269,7
9,poly_191,14
10,poly_24,14
11,poly_342,2
12,poly_392,8
13,poly_98,12
14,heter_484,1
15,heter_4,16
16,poly_28,12
17,poly_535,5
18,poly_491,8
19,heter_229,3
20,heter_479,8
21,heter_128,7
22,heter_179,4
23,poly_14,8
24,heter_45,3
25,heter_126,10
26,heter_299,18
27,heter_418,2
28,poly_216,4
29,heter_48,14
30,heter_368,6
31,heter_23,12
32,heter_106,17
33,poly_413,10
34,poly_154,2
35,heter_447,17
36,heter_218,1
37,poly_450,5
38,poly_85,9
39,poly_142,3
40,poly_88,13
41,poly_113,10
42,heter_257,6
43,heter_150,20
44,poly_256,5
45,heter_430,12
46,poly_83,20
47,poly_329,17
48,poly_15,17
49,heter_505,1
50,poly_469,19
51,poly_432,7
52,heter_127,8
53,poly_73,7
54,poly_463,3
55,heter_105,18
56,poly_131,17
57,poly_562,19
58,heter_264,6
59,heter_152,20
60,heter_375,19
61,poly_322,15
62,heter_386,7
63,heter_251,1
64,heter_124,3
65,poly_200,4
66,poly_379,20
67,heter_107,9
68,poly_357,11
69,heter_237,11
70,poly_570,12
71,poly_465,4
72,heter_530,15
73,poly_132,6
74,heter_60,4
75,heter_564,18
76,heter_110,15
77,heter_378,12
78,poly_251,17
79,poly_108,2
80,poly_544,3
81,poly_278,1
82,poly_301,2
83,heter_470,1
84,heter_246,9
85,heter_200,1
86,poly_196,18
87,heter_170,18
88,heter_343,19
89,poly_441,8
90,heter_370,20
91,poly_343,18
92,poly_120,10
93,heter_455,7
94,heter_247,14
95,poly_506,8
96,poly_231,16
97,heter_67,20
98,poly_199,11
99,heter_402,1
100,heter_333,10
101,heter_573,12
102,poly_78,20
103,heter_452,12
104,heter_553,20
105,heter_381,8
106,poly_300,15
107,heter_425,19
108,poly_210,3
109,poly_499,18
110,poly_395,19
111,poly_198,14
112,heter_433,12
113,heter_288,13
114,poly_447,13
115,heter_119,11
116,poly_39,8
117,poly_309,17
118,poly_513,5
119,poly_495,13
120,poly_247,12
121,poly_318,12
122,heter_336,3
123,poly_455,19
1,poly_506,5
2,poly_370,9
3,heter_262,15
4,poly_73,3
5,poly_83,6
6,poly_392,15
7,poly_78,5
8,poly_276,3
9,poly_231,20
10,poly_295,7
11,heter_61,18
12,poly_421,9
13,poly_285,16
14,poly_432,12
15,poly_163,12
16,heter_296,9
17,poly_120,16
18,poly_78,9
19,poly_499,18
20,poly_199,7
21,poly_236,12
22,poly_301,20
23,heter_239,19
24,poly_108,12
25,poly_51,20
26,poly_98,6
27,poly_285,10
28,poly_253,9
29,poly_341,18
30,poly_211,5
31,poly_108,15
32,poly_28,16
33,poly_231,3
34,heter_152,16
35,poly_379,6
36,poly_159,8
37,poly_85,4
38,heter_343,8
39,poly_295,16
40,heter_32,14
41,poly_41,14
42,poly_509,12
43,poly_106,7
44,poly_343,19
45,poly_166,20
46,heter_526,16
47,poly_360,4
48,heter_430,16
49,poly_537,14
50,poly_196,14
51,poly_455,16
52,poly_167,20
53,poly_191,11
54,poly_354,6
55,poly_428,4
56,heter_527,13
57,poly_195,9
58,poly_295,16
59,poly_472,7
60,poly_512,9
61,heter_434,3
62,poly_113,3
63,poly_5,10
64,poly_512,5
65,poly_263,1
66,heter_322,11
67,poly_421,5
68,poly_14,14
69,poly_309,20
70,poly_5,20
71,heter_575,14
72,poly_232,17
73,poly_120,18
74,poly_528,1
75,poly_342,1
76,poly_231,6
77,poly_441,1
78,heter_434,7
79,poly_529,11
80,heter_229,18
81,poly_537,17
82,heter_447,20
83,poly_263,9
84,poly_360,11
85,poly_502,4
86,heter_494,7
87,poly_512,15
88,poly_276,13
89,heter_152,11
90,poly_28,15
91,poly_269,2
92,heter_454,8
93,poly_196,20
94,poly_154,18
95,heter_445,1
96,poly_251,4
97,poly_295,13
98,heter_288,10
99,poly_283,14
100,poly_85,3
101,poly_276,14
102,poly_84,9
103,poly_322,3
104,poly_4,7
105,poly_110,4
106,poly_236,3
107,poly_505,8
108,poly_556,4
109,heter_296,12
110,poly_195,3
111,poly_573,10
112,poly_28,19
113,poly_154,20
114,heter_51,18
115,poly_330,1
116,poly_329,4
117,poly_4,12
118,poly_390,20
119,heter_206,6
120,heter_545,16
121,poly_159,16
122,poly_290,11
123,poly_387,6
1,poly_29,3
2,poly_141,8
3,poly_253,4
4,poly_537,19
5,poly_15,15
6,poly_29,20
7,poly_247,11
8,poly_544,4
9,poly_495,8
10,poly_544,15
11,poly_295,8
12,heter_540,16
13,heter_48,19
14,poly_506,3
15,poly_537,4
16,poly_3,3
17,poly_361,12
18,poly_196,5
19,poly_236,9
20,poly_131,17
21,poly_86,20
22,poly_84,18
23,poly_518,5
24,poly_330,6
25,poly_166,4
26,poly_392,19
27,poly_98,12
28,poly_52,7
29,poly_518,5
30,poly_132,2
31,poly_339,18
32,poly_120,5
33,poly_270,7
34,poly_84,7
35,poly_361,16
36,poly_283,18
37,heter_287,18
38,poly_4,16
39,poly_195,9
40,poly_108,20
41,poly_159,19
42,poly_387,15
43,poly_230,19
44,poly_183,17
45,poly_120,15
46,poly_106,6
47,poly_98,13
48,poly_428,18
49,poly_39,4
50,poly_321,3
51,poly_88,3
52,poly_83,14
53,poly_505,1
54,poly_200,5
55,poly_276,5
56,poly_251,7
57,poly_421,10
58,poly_290,3
59,poly_379,5
60,poly_185,12
61,poly_453,5
62,poly_51,13
63,poly_528,9
64,poly_88,12
65,poly_465,5
66,poly_502,1
67,poly_245,3
68,heter_397,19
69,poly_441,7
70,poly_73,15
71,poly_73,7
72,poly_309,16
73,heter_270,9
74,poly_270,13
75,poly_3,19
76,poly_210,20
77,poly_525,17
78,poly_499,18
79,poly_5,20
80,poly_263,1
81,poly_295,9
82,poly_285,17
83,poly_119,5
84,poly_495,15
85,poly_290,16
86,poly_483,5
87,poly_268,20
88,poly_158,9
89,poly_509,2
90,poly_432,8
91,poly_321,20
92,poly_113,4
93,poly_268,18
94,poly_39,8
95,poly_453,4
96,heter_37,10
97,poly_15,6
98,poly_513,9
99,poly_41,6
100,poly_119,1
101,poly_230,4
102,heter_61,17
103,poly_321,10
104,poly_412,4
105,poly_518,15
106,poly_198,9
107,poly_98,4
108,poly_322,2
109,poly_39,16
110,poly_119,14
111,heter_576,12
112,poly_119,4
113,poly_106,15
114,poly_263,10
115,poly_14,2
116,poly_251,2
117,heter_251,7
118,poly_41,4
119,poly_350,18
120,poly_110,2
121,poly_41,14
122,poly_518,9
123,poly_131,2
1,poly_141,20
2,poly_428,15
3,poly_163,5
4,poly_432,10
5,poly_202,10
6,poly_5,2
7,poly_251,4
8,poly_450,17
9,poly_196,4
10,poly_28,19
11,poly_447,20
12,poly_159,11
13,poly_141,11
14,poly_85,15
15,poly_132,15
16,poly_211,10
17,poly_263,6
18,poly_3,18
19,poly_330,1
20,poly_230,16
21,poly_158,14
22,poly_392,12
23,poly_365,18
24,poly_39,7
25,poly_247,12
26,poly_573,1
27,poly_131,15
28,poly_183,10
29,poly_343,17
30,poly_341,3
31,poly_483,6
32,poly_154,7
33,poly_290,5
34,poly_245,19
35,poly_245,12
36,poly_505,20
37,poly_365,8
38,poly_518,20
39,poly_421,5
40,poly_251,19
41,heter_489,5
42,poly_183,4
43,poly_110,12
44,poly_428,18
45,poly_465,6
46,poly_361,11
47,poly_290,10
48,poly_330,6
49,poly_465,19
50,poly_502,11
51,poly_41,14
52,poly_202,3
53,poly_230,13
54,poly_163,19
55,poly_537,12
56,poly_154,12
57,poly_98,2
58,poly_330,15
59,poly_268,16
60,poly_14,11
61,poly_428,1
62,poly_428,19
63,poly_236,14
64,poly_29,8
65,heter_196,10
66,poly_236,17
67,poly_513,20
68,poly_41,17
69,poly_537,2
70,poly_253,8
71,poly_270,5
72,poly_39,9
73,poly_141,11
74,poly_73,5
75,poly_86,11
76,poly_200,5
77,poly_84,5
78,poly_495,20
79,poly_141,12
80,poly_502,9
81,poly_290,18
82,poly_495,9
83,poly_270,8
84,poly_3,1
85,poly_379,11
86,poly_499,17
87,poly_263,19
88,poly_5,17
89,poly_196,19
90,poly_5,17
91,poly_432,10
92,poly_525,16
93,poly_183,2
94,poly_4,7
95,poly_268,5
96,poly_472,14
97,poly_350,7
98,poly_245,14
99,poly_357,16
100,poly_573,9
101,poly_505,19
102,poly_268,16
103,poly_198,15
104,poly_528,2
105,poly_195,20
106,poly_339,6
107,poly_453,13
108,poly_186,13
109,poly_120,14
110,poly_365,12
111,poly_183,2
112,poly_506,18
113,poly_51,2
114,poly_357,14
115,poly_450,12
116,poly_361,9
117,poly_371,15
118,poly_15,18
119,poly_354,17
120,poly_441,7
121,poly_14,7
122,poly_52,15
123,poly_158,7
1,poly_6,14
2,heter_500,13
3,heter_137,13
4,heter_408,1
5,heter_311,12
6,heter_526,18
7,poly_392,20
8,heter_571,9
9,heter_199,6
10,heter_296,13
11,poly_322,11
12,heter_189,3
13,poly_318,9
14,heter_249,9
15,poly_506,13
16,heter_76,7
17,heter_116,3
18,heter_336,13
19,heter_101,14
20,heter_389,19
21,poly_483,15
22,heter_573,2
23,poly_455,2
24,heter_350,17
25,heter_400,8
26,heter_69,14
27,heter_110,13
28,heter_51,5
29,poly_200,7
30,poly_450,9
31,heter_452,2
32,heter_471,3
33,heter_389,4
34,heter_323,14
35,heter_63,1
36,poly_502,12
37,heter_576,16
38,heter_571,19
39,heter_378,14
40,poly_483,16
41,poly_361,12
42,heter_218,20
43,heter_5,18
44,heter_508,9
45,poly_556,11
46,poly_528,1
47,heter_470,20
48,poly_86,10
49,heter_264,17
50,heter_99,10
51,heter_402,5
52,poly_256,11
53,heter_549,6
54,heter_45,2
55,heter_414,16
56,poly_285,16
57,heter_375,4
58,heter_110,20
59,heter_229,18
60,heter_296,15
61,poly_574,20
62,heter_72,1
63,poly_86,7
64,poly_413,4
65,heter_375,15
66,poly_463,3
67,heter_512,16
68,poly_73,4
69,poly_198,13
70,heter_211,11
71,poly_4,16
72,poly_535,2
73,heter_389,8
74,poly_387,6
75,heter_530,3
76,heter_494,7
77,poly_390,11
78,heter_127,11
79,heter_4,18
80,heter_114,12
81,heter_389,13
82,heter_178,8
83,poly_447,12
84,heter_172,16
85,heter_561,9
86,heter_455,11
87,poly_432,6
88,poly_88,7
89,poly_491,13
90,heter_105,2
91,heter_576,7
92,poly_309,12
93,heter_72,10
94,poly_574,6
95,heter_288,6
96,heter_5,6
97,poly_216,11
98,heter_350,4
99,poly_108,2
100,heter_41,20
101,poly_108,2
102,heter_512,11
103,heter_48,6
104,heter_564,5
105,poly_268,1
106,heter_339,8
107,heter_211,17
108,heter_345,15
109,poly_119,7
110,heter_127,20
111,heter_60,18
112,heter_252,20
113,heter_194,1
114,poly_322,6
115,heter_99,10
116,heter_287,7
117,heter_386,18
118,heter_336,3
119,heter_471,15
120,poly_361,4
121,heter_430,3
122,heter_72,19
123,heter_418,16
1,poly_158,19
2,poly_565,17
3,poly_412,14
4,poly_236,13
5,heter_549,8
6,heter_232,10
7,heter_288,16
8,heter_218,14
9,heter_523,10
10,heter_137,8
11,poly_191,5
12,poly_502,7
13,poly_330,4
14,poly_463,20
15,poly_167,7
16,heter_523,8
17,heter_449,1
18,heter_449,17
19,heter_239,11
20,poly_318,20
21,poly_221,17
22,poly_483,1
23,poly_216,11
24,heter_23,18
25,heter_51,16
26,poly_270,5
27,heter_170,19
28,heter_425,15
29,heter_455,20
30,heter_116,1
31,poly_301,4
32,poly_185,19
33,heter_285,17
34,heter_400,1
35,poly_360,19
36,poly_370,15
37,poly_132,6
38,heter_347,15
39,heter_397,13
40,poly_505,12
41,heter_83,8
42,poly_379,3
43,poly_232,3
44,heter_505,16
45,poly_512,13
46,heter_105,19
47,heter_484,19
48,poly_357,14
49,poly_198,6
50,heter_23,7
51,heter_434,19
52,heter_211,6
53,heter_390,4
54,heter_445,16
55,poly_390,9
56,poly_183,20
57,heter_229,6
58,heter_375,7
59,poly_232,2
60,heter_11,6
61,poly_321,16
62,poly_453,5
63,poly_505,11
64,poly_350,18
65,poly_339,16
66,poly_355,2
67,poly_453,11
68,heter_378,18
69,heter_414,3
70,heter_520,16
71,heter_180,3
72,heter_359,5
73,poly_86,10
74,heter_402,10
75,poly_355,15
76,poly_167,10
77,poly_343,16
78,heter_83,14
79,heter_479,3
80,poly_247,15
81,heter_295,6
82,poly_211,6
83,heter_571,3
84,poly_365,10
85,heter_99,15
86,poly_163,8
87,poly_29,16
88,heter_237,20
89,heter_414,9
90,poly_365,11
91,heter_545,16
92,poly_387,14
93,poly_506,3
94,heter_530,5
95,heter_128,12
96,poly_465,12
97,heter_229,15
98,heter_389,18
99,heter_48,17
100,poly_163,14
101,heter_299,20
102,poly_202,13
103,poly_513,17
104,poly_339,10
105,poly_329,16
106,heter_114,11
107,poly_301,7
108,heter_339,12
109,heter_549,6
110,heter_370,8
111,poly_513,13
112,poly_166,16
113,poly_469,9
114,heter_399,17
115,poly_113,19
116,heter_83,20
117,poly_217,5
118,heter_524,8
119,poly_198,14
120,heter_45,11
121,heter_526,11
122,poly_343,4
123,heter_524,18
1,poly_42,11
2,poly_365,1
3,poly_85,7
4,poly_360,9
5,heter_564,2
6,poly_499,11
7,poly_354,9
8,heter_454,5
9,heter_218,17
10,poly_441,6
11,poly_110,3
12,poly_474,4
13,heter_575,20
14,poly_247,13
15,poly_518,10
16,poly_544,2
17,heter_326,19
18,heter_127,10
19,poly_339,13
20,poly_242,3
21,poly_491,18
22,poly_163,8
23,poly_167,3
24,poly_512,20
25,poly_85,6
26,poly_390,3
27,poly_159,3
28,heter_557,17
29,poly_185,16
30,heter_330,7
31,poly_573,1
32,heter_552,8
33,heter_571,1
34,poly_29,9
35,heter_311,15
36,heter_285,10
37,heter_51,12
38,poly_202,3
39,poly_210,18
40,heter_418,17
41,poly_110,7
42,poly_392,10
43,heter_333,17
44,heter_425,12
45,poly_387,4
46,poly_110,13
47,heter_209,2
48,heter_52,2
49,poly_24,10
50,heter_252,18
51,heter_4,1
52,poly_84,4
53,heter_51,2
54,heter_540,13
55,poly_185,17
56,heter_506,3
57,heter_322,7
58,poly_512,9
59,heter_124,3
60,poly_154,10
61,heter_52,10
62,heter_4,8
63,poly_131,15
64,heter_106,2
65,heter_275,9
66,poly_113,6
67,poly_465,8
68,heter_152,1
69,heter_285,5
70,heter_494,2
71,heter_564,9
72,poly_247,13
73,poly_371,16
74,poly_141,16
75,poly_447,4
76,heter_209,14
77,heter_105,6
78,poly_350,19
79,heter_485,6
80,poly_343,16
81,heter_74,14
82,heter_206,11
83,heter_323,11
84,poly_321,8
85,poly_86,13
86,poly_24,3
87,heter_447,8
88,poly_529,16
89,poly_573,15
90,poly_113,4
91,heter_331,11
92,heter_183,19
93,heter_381,12
94,poly_370,16
95,poly_211,7
96,heter_433,3
97,poly_322,2
98,poly_158,20
99,heter_505,5
100,heter_124,18
101,poly_28,6
102,heter_288,6
103,poly_544,7
104,poly_562,13
105,heter_484,18
106,heter_147,12
107,poly_495,5
108,heter_74,6
109,poly_161,11
110,heter_199,2
111,poly_339,9
112,heter_573,11
113,poly_52,16
114,heter_147,1
115,poly_84,6
116,poly_528,17
117,poly_350,20
118,heter_573,1
119,heter_83,11
120,poly_491,14
121,poly_186,8
122,poly_185,2
123,heter_434,1
1,poly_166,2
2,poly_185,6
3,poly_51,9
4,heter_285,2
5,heter_178,14
6,poly_285,16
7,heter_505,3
8,heter_455,18
9,heter_67,15
10,heter_255,18
11,poly_341,4
12,poly_447,20
13,poly_106,1
14,poly_370,19
15,heter_333,18
16,poly_131,6
17,heter_52,7
18,heter_379,11
19,poly_161,4
20,poly_350,11
21,poly_509,9
22,heter_561,3
23,poly_83,20
24,poly_161,14
25,poly_78,7
26,poly_357,13
27,poly_166,7
28,heter_172,14
29,poly_509,4
30,poly_51,14
31,heter_229,8
32,poly_186,14
33,heter_333,20
34,poly_360,11
35,poly_309,3
36,poly_195,3
37,poly_509,11
38,poly_51,12
39,heter_526,10
40,heter_257,10
41,heter_252,15
42,poly_88,5
43,poly_354,5
44,heter_543,2
45,poly_195,18
46,poly_469,3
47,heter_430,6
48,poly_159,11
49,poly_370,7
50,heter_365,20
51,heter_445,4
52,poly_230,13
53,heter_265,8
54,heter_196,9
55,poly_371,20
56,heter_255,10
57,heter_107,15
58,poly_78,8
59,poly_544,4
60,poly_450,2
61,poly_525,13
62,poly_231,2
63,poly_191,2
64,poly_499,19
65,poly_513,20
66,poly_421,5
67,heter_442,6
68,poly_370,16
69,poly_525,19
70,heter_63,14
71,poly_276,18
72,poly_341,14
73,heter_442,1
74,heter_421,11
75,poly_106,6
76,poly_14,1
77,poly_202,20
78,poly_276,8
79,heter_530,7
80,poly_412,6
81,heter_336,10
82,poly_245,5
83,poly_285,10
84,heter_169,14
85,poly_387,3
86,poly_573,13
87,poly_371,11
88,poly_270,2
89,poly_161,18
90,poly_329,14
91,heter_414,14
92,heter_500,15
93,poly_421,5
94,poly_483,4
95,poly_166,2
96,poly_29,11
97,poly_357,3
98,poly_441,13
99,poly_200,10
100,poly_158,8
101,heter_150,11
102,poly_52,1
103,poly_379,16
104,poly_199,15
105,poly_360,12
106,heter_506,5
107,heter_63,9
108,heter_489,10
109,heter_543,3
110,heter_275,13
111,heter_5,19
112,poly_202,8
113,poly_242,6
114,poly_253,20
115,heter_540,15
116,heter_226,18
117,poly_186,10
118,heter_418,17
119,poly_4,4
120,poly_453,13
121,heter_506,1
122,heter_447,14
123,heter_232,13
1,poly_200,13
2,poly_371,7
3,poly_390,6
4,poly_450,20
5,heter_299,20
6,poly_232,17
7,poly_472,1
8,heter_200,13
9,heter_170,13
10,heter_359,1
11,heter_445,17
12,poly_210,12
13,heter_505,8
14,poly_283,14
15,poly_574,1
16,poly_186,15
17,heter_296,14
18,heter_561,14
19,poly_283,19
20,poly_217,14
21,poly_404,4
22,poly_132,7
23,poly_161,4
24,poly_3,11
25,poly_525,19
26,poly_371,2
27,poly_211,11
28,heter_449,6
29,heter_326,13
30,poly_231,13
31,poly_242,7
32,poly_83,2
33,heter_387,19
34,poly_230,4
35,poly_412,2
36,poly_355,7
37,poly_472,1
38,poly_472,1
39,heter_365,19
40,poly_132,6
41,poly_253,18
42,poly_232,19
43,poly_15,6
44,heter_54,11
45,poly_390,16
46,poly_242,14
47,heter_72,18
48,poly_355,3
49,poly_3,16
50,heter_455,5
51,poly_199,8
52,poly_15,1
53,heter_124,10
54,heter_478,14
55,poly_447,8
56,poly_525,8
57,heter_265,16
58,poly_354,1
59,poly_321,6
60,poly_242,8
61,heter_561,11
62,poly_199,18
63,heter_45,3
64,poly_341,6
65,poly_412,2
66,poly_509,18
67,poly_24,14
68,poly_562,9
69,poly_211,12
70,heter_375,19
71,poly_528,11
72,poly_83,10
73,poly_191,19
74,poly_301,17
75,heter_549,9
76,poly_253,17
77,poly_52,7
78,poly_119,3
79,heter_564,17
80,heter_326,4
81,heter_479,16
82,poly_186,1
83,poly_354,18
84,poly_161,4
85,poly_245,8
86,heter_72,1
87,heter_561,2
88,poly_167,1
89,poly_242,20
90,poly_199,10
91,heter_484,1
92,poly_232,7
93,poly_342,8
94,heter_99,12
95,poly_256,11
96,poly_78,8
97,poly_342,1
98,poly_6,15
99,poly_210,7
100,poly_283,16
101,poly_412,13
102,poly_167,14
103,heter_506,2
104,poly_42,17
105,poly_342,10
106,heter_179,1
107,poly_535,18
108,heter_397,7
109,poly_283,2
110,heter_61,16
111,poly_88,20
112,poly_341,2
113,poly_301,12
114,poly_472,5
115,poly_396,13
116,heter_322,19
117,poly_106,1
118,heter_84,12
119,poly_342,3
120,poly_309,20
121,heter_255,18
122,poly_210,6
123,heter_83,5
1,heter_4,1
2,poly_329,19
3,heter_408,2
4,poly_413,17
5,heter_331,3
6,poly_562,5
7,poly_562,10
8,heter_295,20
9,heter_288,2
10,heter_124,17
11,heter_252,15
12,heter_543,10
13,heter_386,18
14,heter_226,5
15,heter_251,8
16,poly_144,5
17,heter_508,8
18,heter_257,1
19,poly_318,15
20,poly_221,13
21,heter_399,11
22,poly_574,6
23,heter_433,17
24,poly_217,1
25,poly_142,3
26,heter_557,9
27,poly_396,16
28,heter_526,12
29,poly_529,1
30,poly_256,4
31,poly_396,19
32,poly_567,9
33,heter_206,6
34,poly_278,6
35,poly_355,8
36,poly_565,5
37,poly_395,17
38,poly_318,13
39,heter_226,17
40,poly_574,18
41,poly_565,11
42,heter_408,1
43,poly_491,1
44,heter_434,14
45,heter_494,2
46,heter_447,12
47,heter_378,14
48,heter_484,5
49,poly_565,20
50,heter_152,13
51,heter_418,17
52,heter_575,15
53,heter_232,20
54,heter_543,11
55,heter_524,1
56,poly_256,18
57,heter_299,14
58,poly_144,14
59,poly_404,14
60,poly_221,16
61,poly_474,14
62,poly_221,9
63,poly_574,6
64,heter_317,13
65,poly_570,14
66,heter_425,4
67,poly_278,2
68,poly_455,20
69,poly_469,16
70,heter_285,1
71,poly_24,10
72,heter_275,20
73,poly_469,2
74,poly_463,14
75,poly_491,10
76,poly_570,8
77,heter_183,15
78,poly_318,13
79,heter_483,15
80,poly_567,19
81,heter_399,19
82,poly_565,4
83,poly_396,7
84,poly_474,5
85,poly_570,20
86,heter_137,6
87,poly_216,10
88,heter_67,5
89,poly_142,4
90,poly_256,3
91,heter_101,9
92,poly_556,2
93,poly_469,14
94,heter_179,20
95,poly_474,16
96,poly_404,17
97,poly_565,8
98,poly_329,12
99,poly_474,4
100,poly_42,4
101,poly_413,5
102,poly_455,10
103,poly_300,18
104,heter_4,8
105,heter_573,7
106,heter_128,19
107,poly_570,12
108,heter_433,1
109,poly_562,8
110,heter_265,6
111,poly_221,16
112,poly_6,10
113,heter_445,7
114,poly_463,7
115,poly_556,8
116,heter_152,11
117,heter_45,16
118,heter_540,10
119,poly_355,12
120,heter_564,1
121,heter_51,5
122,poly_42,13
123,heter_445,10
1,heter_381,10
2,heter_172,5
3,heter_48,10
4,poly_395,8
5,heter_196,7
6,poly_142,19
7,poly_6,15
8,heter_124,15
9,heter_287,11
10,heter_323,12
11,heter_485,1
12,heter_52,14
13,heter_400,14
14,heter_414,7
15,poly_404,20
16,poly_395,14
17,heter_360,13
18,heter_326,3
19,poly_556,2
20,heter_99,6
21,heter_23,19
22,poly_142,9
23,heter_23,15
24,poly_286,15
25,poly_413,2
26,heter_457,12
27,poly_300,17
28,heter_105,20
29,poly_396,10
30,poly_24,10
31,poly_278,3
32,poly_269,20
33,heter_126,13
34,poly_286,13
35,poly_529,9
36,poly_191,2
37,poly_42,13
38,poly_404,17
39,heter_275,2
40,poly_142,7
41,poly_422,9
42,poly_286,13
43,poly_567,10
44,heter_23,7
45,heter_257,10
46,heter_129,10
47,heter_576,5
48,heter_275,4
49,heter_155,18
50,heter_247,8
51,heter_350,11
52,heter_366,5
53,heter_76,16
54,heter_336,7
55,heter_483,11
56,poly_144,4
57,heter_527,20
58,poly_221,10
59,poly_567,13
60,poly_217,4
61,heter_178,8
62,poly_463,11
63,heter_434,13
64,poly_529,10
65,poly_278,6
66,heter_530,10
67,poly_42,13
68,poly_144,15
69,poly_278,9
70,heter_540,7
71,poly_300,8
72,heter_390,12
73,poly_422,17
74,poly_217,18
75,heter_474,7
76,poly_567,12
77,heter_430,13
78,poly_535,2
79,heter_127,5
80,poly_455,17
81,heter_506,20
82,poly_567,19
83,poly_216,4
84,poly_300,3
85,poly_556,2
86,heter_400,20
87,poly_404,12
88,heter_397,12
89,heter_484,17
90,heter_523,13
91,heter_169,17
92,poly_529,17
93,poly_396,15
94,heter_63,3
95,poly_395,10
96,poly_422,7
97,heter_48,16
98,poly_413,8
99,poly_144,13
100,poly_6,15
101,poly_286,7
102,poly_300,4
103,poly_422,11
104,heter_408,19
105,heter_430,2
106,heter_408,4
107,poly_395,1
108,heter_226,19
109,poly_535,17
110,heter_296,4
111,poly_570,4
112,poly_422,6
113,heter_246,3
114,poly_216,11
115,poly_269,9
116,heter_576,10
117,heter_530,4
118,heter_483,6
119,poly_144,1
120,heter_110,10
121,heter_330,6
122,poly_6,7
123,heter_414,3
1,heter_74,15
2,heter_526,11
3,heter_330,11
4,heter_5,16
5,heter_119,16
6,heter_527,1
7,heter_557,17
8,heter_116,16
9,heter_387,18
10,heter_524,4
11,heter_408,12
12,heter_129,1
13,heter_474,7
14,heter_543,16
15,heter_399,11
16,poly_422,16
17,heter_83,15
18,heter_200,15
19,heter_544,12
20,heter_366,2
21,heter_127,5
22,heter_110,13
23,heter_360,9
24,heter_549,5
25,heter_399,18
26,heter_360,16
27,heter_270,9
28,heter_247,8
29,heter_575,11
30,heter_72,17
31,heter_152,9
32,poly_286,12
33,heter_60,14
34,heter_257,17
35,heter_200,14
36,heter_421,17
37,heter_370,20
38,heter_63,6
39,heter_199,15
40,heter_150,8
41,heter_339,17
42,heter_120,7
43,heter_449,13
44,heter_126,3
45,heter_330,3
46,heter_442,2
47,heter_390,11
48,heter_150,12
49,heter_169,3
50,heter_106,2
51,heter_457,2
52,heter_137,19
53,heter_287,3
54,heter_237,10
55,heter_123,6
56,heter_107,9
57,heter_470,12
58,heter_339,5
59,heter_375,17
60,heter_189,13
61,heter_326,7
62,heter_454,15
63,heter_172,4
64,heter_442,14
65,heter_305,19
66,heter_178,14
67,heter_246,1
68,heter_379,12
69,heter_326,10
70,heter_169,3
71,heter_366,2
72,heter_350,7
73,poly_217,14
74,heter_478,8
75,heter_270,12
76,heter_323,11
77,heter_505,19
78,heter_457,16
79,heter_433,19
80,heter_62,14
81,heter_116,12
82,poly_269,15
83,heter_442,16
84,heter_454,17
85,heter_252,5
86,heter_360,12
87,heter_178,13
88,heter_246,14
89,heter_552,14
90,heter_378,5
91,heter_84,5
92,heter_61,13
93,heter_99,6
94,heter_178,19
95,heter_485,9
96,poly_535,15
97,heter_265,12
98,heter_571,2
99,heter_45,11
100,heter_67,13
101,heter_378,10
102,heter_172,18
103,heter_323,1
104,heter_421,18
105,heter_101,6
106,heter_74,17
107,poly_286,2
108,heter_305,11
109,poly_269,19
110,heter_494,9
111,heter_264,17
112,heter_194,7
113,heter_287,11
114,heter_381,3
115,heter_246,20
116,heter_449,13
117,heter_255,14
118,heter_387,13
119,heter_295,16
120,heter_275,19
121,heter_470,20
122,heter_523,12
123,heter_199,4
1,heter_237,8
2,heter_147,14
3,heter_169,1
4,heter_155,11
5,heter_120,13
6,heter_120,14
7,heter_74,19
8,heter_257,8
9,heter_299,7
10,heter_264,2
11,heter_552,13
12,heter_41,2
13,heter_544,2
14,heter_84,18
15,heter_54,19
16,heter_421,11
17,heter_119,20
18,heter_370,19
19,heter_119,16
20,heter_447,4
21,heter_5,16
22,heter_265,11
23,heter_52,10
24,heter_32,8
25,heter_129,5
26,heter_285,7
27,heter_150,1
28,heter_359,18
29,heter_553,2
30,heter_442,12
31,heter_106,11
32,heter_5,10
33,heter_169,9
34,heter_381,10
35,heter_549,11
36,heter_454,9
37,heter_106,9
38,heter_218,11
39,heter_400,11
40,heter_557,2
41,heter_270,4
42,heter_183,8
43,heter_247,8
44,heter_116,13
45,heter_179,17
46,heter_323,4
47,heter_107,3
48,heter_433,19
49,heter_508,5
50,heter_262,12
51,heter_106,15
52,heter_479,9
53,heter_454,19
54,heter_333,12
55,heter_387,10
56,heter_370,15
57,heter_520,8
58,heter_552,4
59,heter_62,8
60,heter_399,1
61,heter_471,17
62,heter_397,12
63,heter_147,18
64,heter_330,9
65,heter_520,7
66,heter_471,15
67,heter_74,18
68,heter_544,6
69,heter_180,14
70,heter_449,10
71,heter_421,15
72,heter_527,11
73,heter_479,20
74,heter_106,20
75,heter_322,8
76,heter_218,18
77,heter_246,3
78,heter_526,6
79,heter_305,10
80,heter_552,2
81,heter_343,8
82,heter_474,18
83,heter_62,19
84,heter_508,7
85,heter_232,12
86,heter_500,19
87,heter_381,7
88,heter_557,15
89,heter_84,1
90,heter_418,1
91,heter_106,4
92,heter_333,18
93,heter_251,13
94,heter_512,11
95,heter_137,17
96,heter_571,18
97,heter_147,17
98,heter_105,7
99,heter_457,8
100,heter_299,5
101,heter_347,8
102,heter_120,2
103,heter_255,13
104,heter_180,11
105,heter_305,19
106,heter_553,14
107,heter_489,3
108,heter_150,20
109,heter_37,20
110,heter_101,7
111,heter_366,5
112,heter_576,1
113,heter_360,5
114,heter_485,19
115,heter_84,14
116,heter_523,5
117,heter_41,13
118,heter_339,9
119,heter_359,9
120,heter_397,8
121,heter_199,19
122,heter_552,20
123,heter_400,14
1,heter_386,18
2,heter_537,3
3,heter_84,12
4,heter_54,7
5,heter_67,11
6,heter_76,12
7,heter_67,13
8,heter_62,10
9,heter_540,16
10,heter_247,5
11,heter_226,6
12,heter_343,15
13,heter_455,6
14,heter_180,10
15,heter_500,3
16,heter_116,13
17,heter_345,18
18,heter_350,20
19,heter_317,5
20,heter_62,1
21,heter_226,8
22,heter_478,10
23,heter_62,6
24,heter_251,4
25,heter_155,13
26,heter_512,11
27,heter_500,8
28,heter_170,3
29,heter_347,12
30,heter_155,19
31,heter_311,14
32,heter_343,18
33,heter_152,2
34,heter_471,18
35,heter_170,18
36,heter_179,4
37,heter_265,7
38,heter_251,14
39,heter_545,20
40,heter_239,1
41,heter_114,13
42,heter_571,16
43,heter_120,16
44,heter_544,1
45,heter_101,9
46,heter_330,7
47,heter_262,9
48,heter_54,7
49,heter_343,12
50,heter_390,16
51,heter_474,6
52,heter_485,7
53,heter_425,12
54,heter_347,17
55,heter_119,13
56,heter_425,11
57,heter_287,1
58,heter_60,17
59,heter_347,9
60,heter_121,3
61,heter_180,18
62,heter_180,14
63,heter_247,5
64,heter_237,1
65,heter_249,13
66,heter_543,12
67,heter_470,10
68,heter_557,5
69,heter_470,8
70,heter_489,6
71,heter_211,1
72,heter_379,8
73,heter_237,15
74,heter_336,15
75,heter_123,2
76,heter_508,9
77,heter_61,18
78,heter_483,4
79,heter_69,4
80,heter_86,5
81,heter_237,4
82,heter_390,10
83,heter_239,14
84,heter_196,18
85,heter_63,10
86,heter_101,4
87,heter_255,5
88,heter_500,8
89,heter_137,12
90,heter_129,12
91,heter_474,15
92,heter_52,20
93,heter_232,1
94,heter_129,10
95,heter_421,14
96,heter_209,1
97,heter_179,10
98,heter_237,16
99,heter_339,9
100,heter_252,7
101,heter_561,16
102,heter_350,5
103,heter_457,14
104,heter_41,3
105,heter_457,14
106,heter_571,20
107,heter_110,15
108,heter_120,18
109,heter_54,13
110,heter_311,15
111,heter_390,8
112,heter_452,5
113,heter_232,4
114,heter_506,8
115,heter_41,3
116,heter_368,6
117,heter_523,2
118,heter_379,11
119,heter_262,8
120,heter_512,6
121,heter_573,10
122,heter_155,16
123,heter_483,8
1,heter_483,7
2,heter_359,18
3,heter_86,17
4,heter_107,5
5,heter_537,9
6,heter_345,9
7,heter_121,8
8,heter_247,12
9,heter_114,1
10,heter_317,10
11,heter_126,16
12,heter_478,19
13,heter_183,10
14,heter_544,2
15,heter_549,17
16,heter_200,4
17,heter_240,4
18,heter_247,4
19,heter_526,7
20,heter_379,10
21,heter_196,6
22,heter_520,5
23,heter_455,13
24,heter_386,19
25,heter_119,15
26,heter_365,4
27,heter_126,6
28,heter_571,13
29,heter_311,6
30,heter_508,20
31,heter_126,16
32,heter_545,11
33,heter_237,18
34,heter_189,20
35,heter_189,13
36,heter_575,14
37,heter_172,19
38,heter_322,10
39,heter_76,7
40,heter_247,11
41,heter_537,3
42,heter_200,2
43,heter_474,2
44,heter_249,4
45,heter_483,5
46,heter_387,18
47,heter_147,8
48,heter_571,9
49,heter_86,2
50,heter_211,4
51,heter_240,12
52,heter_237,12
53,heter_206,15
54,heter_107,20
55,heter_247,2
56,heter_60,1
57,heter_152,13
58,heter_524,19
59,heter_471,1
60,heter_368,7
61,heter_54,2
62,heter_61,10
63,heter_249,20
64,heter_264,16
65,heter_262,18
66,heter_60,9
67,heter_240,17
68,heter_489,8
69,heter_189,17
70,heter_359,4
71,heter_129,17
72,heter_295,4
73,heter_123,13
74,heter_172,19
75,heter_537,17
76,heter_331,2
77,heter_387,2
78,heter_106,12
79,heter_128,1
80,heter_524,11
81,heter_114,3
82,heter_249,16
83,heter_311,6
84,heter_402,6
85,heter_239,14
86,heter_32,15
87,heter_485,9
88,heter_322,3
89,heter_553,10
90,heter_41,7
91,heter_537,12
92,heter_360,6
93,heter_37,17
94,heter_206,15
95,heter_270,3
96,heter_483,19
97,heter_196,14
98,heter_366,1
99,heter_478,12
100,heter_106,11
101,heter_520,17
102,heter_370,12
103,heter_474,20
104,heter_347,14
105,heter_69,13
106,heter_209,10
107,heter_520,6
108,heter_189,16
109,heter_240,15
110,heter_479,18
111,heter_152,15
112,heter_147,3
113,heter_345,17
114,heter_270,15
115,heter_512,4
116,heter_359,14
117,heter_331,3
118,heter_474,19
119,heter_249,20
120,heter_69,5
121,heter_544,15
122,heter_119,8
123,heter_106,11
1,heter_262,6
2,heter_69,2
3,heter_545,19
4,heter_183,18
5,heter_211,18
6,heter_402,4
7,heter_76,18
8,heter_370,19
9,heter_366,3
10,heter_170,11
11,heter_123,9
12,heter_200,18
13,heter_121,5
14,heter_527,8
15,heter_200,6
16,heter_368,17
17,heter_483,10
18,heter_121,2
19,heter_69,6
20,heter_317,15
21,heter_545,10
22,heter_262,14
23,heter_390,16
24,heter_359,16
25,heter_526,9
26,heter_527,20
27,heter_239,4
28,heter_128,1
29,heter_452,19
30,heter_247,11
31,heter_264,13
32,heter_305,1
33,heter_478,15
34,heter_365,8
35,heter_194,5
36,heter_390,11
37,heter_37,15
38,heter_331,18
39,heter_264,6
40,heter_172,15
41,heter_247,1
42,heter_247,14
43,heter_240,15
44,heter_265,15
45,heter_571,8
46,heter_106,17
47,heter_549,16
48,heter_295,20
49,heter_368,11
50,heter_474,6
51,heter_211,18
52,heter_11,17
53,heter_386,18
54,heter_366,4
55,heter_106,3
56,heter_194,6
57,heter_114,17
58,heter_240,12
59,heter_537,11
60,heter_452,20
61,heter_390,19
62,heter_331,16
63,heter_265,8
64,heter_172,15
65,heter_69,12
66,heter_479,7
67,heter_121,19
68,heter_86,13
69,heter_365,18
70,heter_262,9
71,heter_37,6
72,heter_365,6
73,heter_11,5
74,heter_237,3
75,heter_575,14
76,heter_317,16
77,heter_474,10
78,heter_247,9
79,heter_553,14
80,heter_194,20
81,heter_37,7
82,heter_200,12
83,heter_379,20
84,heter_553,2
85,heter_32,19
86,heter_452,10
87,heter_121,3
88,heter_368,11
89,heter_317,5
90,heter_170,6
91,heter_200,3
92,heter_402,9
93,heter_114,9
94,heter_32,17
95,heter_76,20
96,heter_247,13
97,heter_183,9
98,heter_345,5
99,heter_11,15
100,heter_147,6
101,heter_489,18
102,heter_200,8
103,heter_264,9
104,heter_86,9
105,heter_526,17
106,heter_370,7
107,heter_345,20
108,heter_32,8
109,heter_86,5
110,heter_11,5
111,heter_114,7
112,heter_549,17
113,heter_295,10
114,heter_479,4
115,heter_194,16
116,heter_549,3
117,heter_305,6
118,heter_119,16
119,heter_549,2
120,heter_474,15
121,heter_106,13
122,heter_211,17
123,heter_370,9
1,heter_295,9
2,heter_119,10
3,heter_183,8
4,heter_478,4
5,heter_390,1
6,heter_152,7
7,heter_265,6
8,heter_211,6
9,heter_172,5
10,heter_549,9
11,heter_119,14
12,heter_455,13
13,heter_295,17
14,heter_11,4
15,heter_571,2
16,heter_526,20
17,heter_474,11
18,heter_119,7
19,heter_359,10
20,heter_200,5
21,heter_119,2
22,heter_147,17
23,heter_549,7
24,heter_147,9
25,heter_123,1
26,heter_295,17
27,heter_265,14
28,heter_549,19
29,heter_128,15
30,heter_478,8
31,heter_265,10
32,heter_69,4
33,heter_264,16
34,heter_390,12
35,heter_359,4
36,heter_211,16
37,heter_483,2
38,heter_390,4
39,heter_386,8
40,heter_479,5
41,heter_474,20
42,heter_455,9
43,heter_183,4
44,heter_114,8
45,heter_295,19
46,heter_370,15
47,heter_128,12
48,heter_359,15
49,heter_200,13
50,heter_295,9
51,heter_119,13
52,heter_172,2
53,heter_478,9
54,heter_386,8
55,heter_370,14
56,heter_152,14
57,heter_237,18
58,heter_209,2
59,heter_249,15
60,heter_107,18
61,heter_359,4
62,heter_119,4
63,heter_526,12
64,heter_11,20
65,heter_11,8
66,heter_147,19
67,heter_366,12
68,heter_474,7
69,heter_106,6
70,heter_170,13
71,heter_69,12
72,heter_474,3
73,heter_571,4
74,heter_114,7
75,heter_211,13
76,heter_200,13
77,heter_483,4
78,heter_370,10
79,heter_571,13
80,heter_483,13
81,heter_128,5
82,heter_119,13
83,heter_237,15
84,heter_211,19
85,heter_249,6
86,heter_170,14
87,heter_478,1
88,heter_359,18
89,heter_390,16
90,heter_478,19
91,heter_211,13
92,heter_359,5
93,heter_571,11
94,heter_526,1
95,heter_11,13
96,heter_262,20
97,heter_128,19
98,heter_264,19
99,heter_390,20
100,heter_200,12
101,heter_264,1
102,heter_455,7
103,heter_170,4
104,heter_183,1
105,heter_209,5
106,heter_526,16
107,heter_172,16
108,heter_128,17
109,heter_478,10
110,heter_386,1
111,heter_11,3
112,heter_114,9
113,heter_390,18
114,heter_237,2
115,heter_264,7
116,heter_128,12
117,heter_209,19
118,heter_295,7
119,heter_128,5
120,heter_455,3
121,heter_211,2
122,heter_249,10
123,heter_183,15
1,heter_455,4
2,heter_549,12
3,heter_479,3
4,heter_479,14
5,heter_183,19
6,heter_172,6
7,heter_479,2
8,heter_114,1
9,heter_264,19
10,heter_209,16
11,heter_479,10
12,heter_249,5
13,heter_123,15
14,heter_114,6
15,heter_262,9
16,heter_170,19
17,heter_262,9
18,heter_128,6
19,heter_370,17
20,heter_209,18
21,heter_152,3
22,heter_264,16
23,heter_249,14
24,heter_170,2
25,heter_366,14
26,heter_11,8
27,heter_123,5
28,heter_262,2
29,heter_386,9
30,heter_386,15
31,heter_123,20
32,heter_386,6
33,heter_386,12
34,heter_183,15
35,heter_107,20
36,heter_107,13
37,heter_366,14
38,heter_455,7
39,heter_11,12
40,heter_478,3
41,heter_170,6
42,heter_295,17
43,heter_483,9
44,heter_11,6
45,heter_107,14
46,heter_295,8
47,heter_69,15
48,heter_69,8
49,heter_209,9
50,heter_483,17
51,heter_370,20
52,heter_152,10
53,heter_479,17
54,heter_152,1
55,heter_359,15
56,heter_478,2
57,heter_366,11
58,heter_170,13
59,heter_107,10
60,heter_209,14
61,heter_147,9
62,heter_209,17
63,heter_123,19
64,heter_366,17
65,heter_107,17
66,heter_123,8
67,heter_386,4
68,heter_209,3
69,heter_107,1
70,heter_209,17
71,heter_209,19
72,heter_483,18
73,heter_366,12
74,heter_123,12
75,heter_147,20
76,heter_172,3
77,heter_211,9
78,heter_11,1
79,heter_170,16
80,heter_455,8
81,heter_265,11
82,heter_123,14
83,heter_478,2
84,heter_69,20
85,heter_262,7
86,heter_249,2
87,heter_295,4
88,heter_107,6
89,heter_183,6
90,heter_366,18
91,heter_386,8
92,heter_128,1
93,heter_237,16
94,heter_69,2
95,heter_123,19
96,heter_69,5
97,heter_262,4
98,heter_265,3
99,heter_455,18
100,heter_183,17
101,heter_114,15
102,heter_183,19
103,heter_249,19
104,heter_199,16
105,heter_107,11
106,heter_366,2
107,heter_249,10
108,heter_147,9
109,heter_265,1
110,heter_264,17
111,heter_123,6
112,heter_128,15
113,heter_11,8
114,heter_123,16
115,heter_114,18
116,heter_69,1
117,heter_262,9
118,heter_249,14
119,heter_147,19
120,heter_479,9
121,heter_172,4
122,heter_370,1
123,heter_265,12
1,heter_578,17
1,heter_588,12
2,heter_583,4
2,heter_581,20
3,heter_583,16
3,heter_580,18
4,heter_587,6
4,heter_586,15
5,heter_580,17
5,heter_584,4
6,heter_585,3
6,heter_584,13
7,heter_588,12
7,heter_579,7
8,heter_580,2
8,heter_577,11
9,heter_580,9
9,heter_579,12
10,heter_585,20
10,heter_580,3
11,heter_578,19
11,heter_581,7
12,heter_584,17
12,heter_578,6
13,heter_588,3
13,heter_583,13
14,heter_577,11
14,heter_584,17
15,heter_587,5
15,heter_584,14
16,heter_588,1
16,heter_585,18
17,heter_580,17
17,heter_585,2
18,heter_585,16
18,heter_583,12
19,heter_580,20
19,heter_582,8
20,heter_583,9
20,heter_586,12
21,heter_579,1
21,heter_582,13
22,heter_584,15
22,heter_586,19
23,heter_581,12
23,heter_583,1
24,heter_578,13
24,heter_577,10
25,heter_586,11
25,heter_578,17
26,heter_578,15
26,heter_579,10
27,heter_579,20
27,heter_582,18
28,heter_583,16
28,heter_581,11
29,heter_587,3
29,heter_577,8
30,heter_583,16
30,heter_578,18
31,heter_581,17
31,heter_582,5
32,heter_588,15
32,heter_580,13
33,heter_579,8
33,heter_585,11
34,heter_580,5
34,heter_586,3
35,heter_588,7
35,heter_582,10
36,heter_581,6
36,heter_587,19
37,heter_588,3
37,heter_584,10
38,heter_585,2
38,heter_586,5
39,heter_577,4
39,heter_586,1
40,heter_579,4
40,heter_586,9
41,heter_587,2
41,heter_581,16
42,heter_583,11
42,heter_584,18
43,heter_580,14
43,heter_588,11
44,heter_581,20
44,heter_585,10
45,heter_585,1
45,heter_577,7
46,heter_578,9
46,heter_579,5
47,heter_580,1
47,heter_585,7
48,heter_586,1
48,heter_578,13
49,heter_584,8
49,heter_579,15
50,heter_581,15
50,heter_584,1
51,heter_586,10
51,heter_588,9
52,heter_578,18
52,heter_587,16
53,heter_581,14
53,heter_579,5
54,heter_578,15
54,heter_588,18
55,heter_587,7
55,heter_578,19
56,heter_581,19
56,heter_579,5
57,heter_581,5
57,heter_578,3
58,heter_588,11
58,heter_584,18
59,heter_586,19
59,heter_584,12
60,heter_579,17
60,heter_588,5
61,heter_586,12
61,heter_585,6
62,heter_580,6
62,heter_588,20
63,heter_577,17
63,heter_580,16
64,heter_577,7
64,heter_584,11
65,heter_580,11
65,heter_577,3
66,heter_585,16
66,heter_587,13
67,heter_586,15
67,heter_581,7
68,heter_585,2
68,heter_587,10
69,heter_577,15
69,heter_586,4
70,heter_577,5
70,heter_586,18
71,heter_578,20
71,heter_588,13
72,heter_585,19
72,heter_586,1
73,heter_583,7
73,heter_586,3
74,heter_581,2
74,heter_582,9
75,heter_582,16
75,heter_580,5
76,heter_579,4
76,heter_581,19
77,heter_586,14
77,heter_588,8
78,heter_586,15
78,heter_584,5
79,heter_587,9
79,heter_586,8
80,heter_583,10
80,heter_586,7
81,heter_581,15
81,heter_582,2
82,heter_581,7
82,heter_586,3
83,heter_585,17
83,heter_583,13
84,heter_581,13
84,heter_583,12
85,heter_584,18
85,heter_577,17
86,heter_584,9
86,heter_578,16
87,heter_587,17
87,heter_588,14
88,heter_583,4
88,heter_577,10
89,heter_587,7
89,heter_578,3
90,heter_588,16
90,heter_587,9
91,heter_583,19
91,heter_584,6
92,heter_586,11
92,heter_582,3
93,heter_584,4
93,heter_583,19
94,heter_585,13
94,heter_581,9
95,heter_587,15
95,heter_588,18
96,heter_579,2
96,heter_585,9
97,heter_587,18
97,heter_583,5
98,heter_584,17
98,heter_583,6
99,heter_584,19
99,heter_585,3
100,heter_578,2
100,heter_585,19
101,heter_578,9
101,heter_580,3
102,heter_581,3
102,heter_577,15
103,heter_579,8
103,heter_585,5
104,heter_579,12
104,heter_588,6
105,heter_580,9
105,heter_588,3
106,heter_579,13
106,heter_585,18
107,heter_587,11
107,heter_581,14
108,heter_583,14
108,heter_579,5
109,heter_578,4
109,heter_582,9
110,heter_586,10
110,heter_582,11
111,heter_580,1
111,heter_582,11
112,heter_578,13
112,heter_586,14
113,heter_584,14
113,heter_588,19
114,heter_587,12
114,heter_583,9
115,heter_582,5
115,heter_587,17
116,heter_586,16
116,heter_578,15
117,heter_586,11
117,heter_577,8
118,heter_582,2
118,heter_583,15
119,heter_583,7
119,heter_581,10
120,heter_584,17
120,heter_581,18
121,heter_587,9
121,heter_581,17
122,heter_586,5
122,heter_577,18
123,heter_580,20
123,heter_587,17
